-- phpMyAdmin SQL Dump
-- version 5.2.1
-- https://www.phpmyadmin.net/
--
-- Host: 127.0.0.1
-- Generation Time: May 28, 2023 at 08:02 PM
-- Server version: 10.4.28-MariaDB
-- PHP Version: 8.2.4

SET SQL_MODE = "NO_AUTO_VALUE_ON_ZERO";
START TRANSACTION;
SET time_zone = "+00:00";


/*!40101 SET @OLD_CHARACTER_SET_CLIENT=@@CHARACTER_SET_CLIENT */;
/*!40101 SET @OLD_CHARACTER_SET_RESULTS=@@CHARACTER_SET_RESULTS */;
/*!40101 SET @OLD_COLLATION_CONNECTION=@@COLLATION_CONNECTION */;
/*!40101 SET NAMES utf8mb4 */;

--
-- Database: `juegos`
--

-- --------------------------------------------------------

--
-- Table structure for table `generos`
--

CREATE TABLE `generos` (
  `id` int(11) NOT NULL,
  `nombre` varchar(45) NOT NULL
) ENGINE=InnoDB DEFAULT CHARSET=latin1 COLLATE=latin1_swedish_ci;

--
-- Dumping data for table `generos`
--

INSERT INTO `generos` (`id`, `nombre`) VALUES
(1, 'Aventuras'),
(2, 'Accion'),
(3, 'Plataformas'),
(4, 'Simulacion'),
(5, 'Rol');

-- --------------------------------------------------------

--
-- Table structure for table `juegos`
--

CREATE TABLE `juegos` (
  `id` int(11) NOT NULL,
  `nombre` varchar(255) NOT NULL,
  `imagen` text NOT NULL,
  `tipo_imagen` varchar(10) NOT NULL,
  `descripcion` varchar(255) DEFAULT NULL,
  `url` varchar(80) NOT NULL,
  `id_genero` int(11) NOT NULL,
  `id_plataforma` int(11) NOT NULL
) ENGINE=InnoDB DEFAULT CHARSET=latin1 COLLATE=latin1_swedish_ci;

--
-- Dumping data for table `juegos`
--

INSERT INTO `juegos` (`id`, `nombre`, `imagen`, `tipo_imagen`, `descripcion`, `url`, `id_genero`, `id_plataforma`) VALUES
(1, 'The Legend of Zelda: Breath of the Wild', 'https://media.vandal.net/m/3-2020/20203218214135_1.jpg', '', 'Un juego de aventuras de mundo abierto en el que exploras el vasto mundo de Hyrule.', 'https://www.nintendo.com/games/detail/the-legend-of-zelda-breath-of-the-wild-swi', 1, 4),
(2, 'Super Mario Odyssey', 'https://img-eshop.cdn.nintendo.net/i/c42553b4fd0312c31e70ec7468c6c9bccd739f340152925b9600631f2d29f8b5.jpg', '', 'Un juego de plataformas en el que Mario viaja por diferentes reinos para salvar a la princesa Peach.', 'https://www.nintendo.com/games/detail/super-mario-odyssey-switch/', 3, 4),
(3, 'Animal Crossing: New Horizons', 'https://cloudfront-us-east-1.images.arcpublishing.com/infobae/5VJ74BHKU5BDVPGRYGDPLPD6XI.jpg', '', 'Un juego de simulación en el que vives en una isla desierta y construyes tu propio paraíso.', 'https://www.nintendo.com/games/detail/animal-crossing-new-horizons-switch/', 4, 4),
(4, 'Cyberpunk 2077', 'https://arc-anglerfish-arc2-prod-infobae.s3.amazonaws.com/public/EAT2VA3SYRF6NAV2ZXOXF3DZHQ.jpg', '', 'Un juego de rol de acción en primera persona en un mundo futurista donde puedes hacer lo que quieras.', 'https://www.cyberpunk.net/es/es/', 5, 1),
(5, 'Red Dead Redemption 2', 'https://compass-ssl.xbox.com/assets/64/02/6402981a-9446-46d8-8289-e370f3158746.jpg?n=Red-Dead-Redemption-II_GLP-Page-Hero-1084_1920x1080.jpg', '', 'Un juego de acción de mundo abierto en el salvaje oeste, donde controlas a un bandido llamado Arthur Morgan.', 'https://www.rockstargames.com/reddeadredemption2/es', 2, 1),
(6, 'The Witcher 3: Wild Hunt', 'https://media.vandal.net/master/3-2023/20233520343041_1.jpg', '', 'Un juego de rol de acción en tercera persona en el que juegas como Geralt de Rivia, un cazador de monstruos.', 'https://thewitcher.com/en/witcher3', 5, 1),
(7, 'God of War: Ragnarok', 'https://media.vandal.net/m/11-2022/202211218263381_1.jpg', '', 'Un juego de acción y aventuras en tercera persona en el que juegas como Kratos, un guerrero espartano que lucha contra los dioses.', 'https://www.playstation.com/es-es/games/god-of-war-ps4/', 2, 2),
(8, 'Horizon Zero Dawn', 'https://media.vandal.net/m/8-2020/20208518551383_1.jpg', '', 'Un juego de acción y aventuras en tercera persona en un mundo post-apocalíptico donde cazas máquinas para sobrevivir.', 'https://www.playstation.com/es-es/games/horizon-zero-dawn-ps4/', 1, 2),
(9, 'Spider Man', 'https://blog.latam.playstation.com/tachyon/sites/3/2022/06/35cad566eb5c0eb56188715723bbcb0c3d28982d.jpg', '', 'Un juego de acción en tercera persona en el que juegas como Peter Parker, el hombre araña, mientras luchas contra villanos de Nueva York. ', 'https://www.playstation.com/es-es/games/marvels-spider-man-ps4/', 2, 2),
(10, 'Demon\'s Souls', 'https://www.cinepremiere.com.mx/wp-content/uploads/2020/11/demon-s-souls.jpg', '', 'Un juego de rol de acción en tercera persona en el que luchas contra criaturas aterradoras en un mundo oscuro y peligroso.', 'https://www.playstation.com/es-es/games/demons-souls/', 5, 3),
(11, 'Ratchet & Clank: Una dimensión aparte', 'https://media.vandal.net/m/6-2021/20216216415454_1.jpg', '', 'Un juego de plataformas y acción en tercera persona en el que viajas entre diferentes dimensiones para salvar al universo.', 'https://www.playstation.com/es-es/games/ratchet-and-clank-rift-apart/', 3, 3),
(12, 'Returnal', 'https://culturageek.com.ar/wp-content/uploads/2022/12/ezgif-2-4119d57df4d6-fe9f.jpg', '', 'Un juego de acción en tercera persona en el que luchas contra enemigos en un planeta alienígena hostil.', 'https://www.playstation.com/es-es/games/returnal/', 2, 3),
(13, 'Halo Infinite', 'https://cloudfront-us-east-1.images.arcpublishing.com/infobae/ZYD6TYX3JFDBNIRXKHZ6SEBQFU.jpg', '', 'Un juego de acción en primera persona en el que luchas contra los alienígenas en un vasto universo de ciencia ficción.', 'https://www.xbox.com/es-ES/games/halo-infinite', 2, 5),
(14, 'Ori and the Will of the Wisps', 'https://locosxlosjuegos.com/wp-content/uploads/2020/03/Ori-and-the-Will-of-the-Wisps.png', '', 'Un juego de plataformas y aventuras en tercera persona en el que juegas como Ori, un pequeño espíritu que debe enfrentarse a diferentes desafíos en su búsqueda para salvar a su amigo.', 'https://www.xbox.com/es-ES/games/ori-will-of-the-wisps', 3, 5),
(15, 'Forza Horizon 4', 'https://store-images.s-microsoft.com/image/apps.65321.14343301090572358.2000000000007864118.569586ba-1cf6-47bd-b527-388324d91441', '', 'Un juego de simulación de carreras en el que puedes conducir por un mundo abierto en el Reino Unido.', 'https://www.xbox.com/es-ES/games/forza-horizon-4', 4, 5),
(20, 'asd', 'mau474.png', '', 'asd', 'asd', 2, 1),
(21, 'asd', 'mau474.png', '', 'asd', 'asd', 3, 2),
(22, 'Hola', 'iVBORw0KGgoAAAANSUhEUgAAB1cAAAMgCAIAAADwXnxcAAAAAXNSR0IArs4c6QAAAARnQU1BAACxjwv8YQUAAAAJcEhZcwAAEnQAABJ0Ad5mH3gAADoBSURBVHhe7drt1qOoEgbQvv+bPsconUmbxPgBAsXeP2a1xhgp4F3Ws+bP/wAAAAAAiEsKDAAAAAAQmRQYAAAAACAyKTAAAAAAQGRSYAAAAACAyKTAAAAAAACRSYEBAAAAACKTAgMAAAAARCYFBgAAAACITAoMAAAAABCZFBgAAAAAIDIpMAAAAABAZFJgAAAAAIDIpMAAAAAAAJFJgQEAAAAAIpMCAwAAAABEJgUGAAAAAIhMCgwAAAAAEJkUGAAAAAAgMikwAAAAAEBkUmAAAAAAgMikwAAAAAAAkUmBAQAAAAAikwIDAAAAAEQmBQYAAAAAiEwKDAAAAAAQmRQYAAAAACAyKTAAAAAAQGRSYAAAAACAyKTAAAAAAACRSYEBAAAAACKTAgMAAAAARCYFBgAAAACITAoMAAAAABCZFBgAAAAAIDIpMAAAAABAZFJgAAAAAIDIpMAAAAAAAJFJgQEAAAAAIpMCAwAAAABEJgUGAAAAAIhMCgwAAAAAEJkUGAAAAAAgMikwAAAAAEBkUmAAAAAAgMikwAAAAAAAkUmBAQAAAAAikwIDAAAAAEQmBQYAAAAAiEwKDAAAAAAQmRQYAAAAACAyKTAAAAAAQGRSYAAAAACAyKTAAAAAAACRSYEBAAAAACKTAgMAAAAARCYFBgAAAACITAoMAAAAABCZFBgAAAAAIDIpMAAAAABAZFJgAAAAAIDIpMAAAAAAAJFJgQEAAAAAIpMCAwAAAABEJgUGAAAAAIhMCgwAAAAAEJkUGAAAAAAgMikwAAAAAEBkUmAAAAAAgMikwAAAAAAAkUmBAQAAAAAikwIDAAAAAEQmBQYAAAAAiEwKDAAAAAAQmRQYAAAAACAyKTAAAAAAQGRSYAAAAACAyKTAAAAAAACRSYEBAAAAACKTAgMAAAAARCYFBgAAAACITAoMAAAAABCZFBgAAAAAIDIpMAAAAABAZFJgAAAAAIDIpMAAAAAAAJFJgQEAAAAAIpMCAwAAAABEJgUGAAAAAIhMCgwAAAAAEJkUGAAAAAAgMikwAAAAAEBkUmAAAAAAgMikwAAAAAAAkUmBAQAAAAAikwIDAAAAAEQmBQYAAAAAiEwKDAAAAAAQmRQYAAAAACAyKTAAAAAAQGRSYAAAAACAyKTAAAAAAACRSYEBAAAAACKTAgMAAAAARCYFBgAAAACITAoMAAAAABCZFBgAAAAAIDIpMAAAAABAZFJgAAAAAIDIpMAAAAAAAJFJgQEAAAAAIpMCAwAAAABEJgUGAAAAAIhMCgwAAAAAEJkUGAAAAAAgMikwAAAAAEBkUmAAADL781c6BgAAqvJqDgBAZkv+KwgGAIBGeC8HACCn1+RXCgwAAC3wXg4AQE6r5FcQDAAA1XkpBwBg7c+LdGq31VdO3AEAAMjLSzkAAGvP6FYKDAAAAXgpBwDgH6+57dEMd7r+/StHb1LUxycEAIDYvAEDAPCfVUJ6NDD9eP3p1LVQXFvotgAA0CxvwAAAPPyZpYO/jgamH6+fb3zmtfPct34qdFsAAGiWN2AAAL4Go0cD01z3WRSKawvdFgAAmuUNGABgdBup6NHA9Nv154LXQnFtodsCAECzvAEDAP+Rjg1oe9KPLomN60+srkILstBtAQCgWd6AAYCHP3+lY8bwc8aPLomN60+srkILcrptoTsDAECbvP4CAA9LKCYaG83PGT+0JLYvPrG6yi3IcncGAIAGef0FAFIiJhcbzc8ZP7ok7r/hFUVvDgAATfHuCzA6OQiTZRlYDEPZM91Hl8TP67Pf8IqiNwcAgKZ49wUYnRyEybIMLIZx7Jzro0vi5/XZb3hF0ZsDAEBTvPsCjO7PLB0wqmUNWAmD2D/RR5fEz+uz3/CKojcHAICmePcFGN2Sg0hDRvacfctgBIdm+eiS2HN90Qc4pOjNAQCgKd59AUa35CDSkGG9Tr1lMIJDs3x0Sey8fv9ti67JojcHAICmePcFGN0zBxGIjOl13q2B8I5OcaHr99+26JosenMAAGiKd1+A0b3mIDKR0axm3AKI7cT8Hv3Kzuv337bomix6cwAAaIp3X4DRrXIQschQzP44zk3u0W/tv37nlUXXZNGbAwBAU7z7AozuPQeRjIxjNdemPqrTM3v0i4eu33Nx0TVZ9OYAANAU774Ao/uYgwhHBrGaaPMe0pVpPfTdoz+05/qia7LozQEAoCnefQFG9zEHEY6M4H2WzXs8F+f00NeP/tae64uuyaI3BwCApnj3BRjdtxxEPhLe+xSb9GCuT+ihOxz9uT3XF12TRW8OAABN8e4LMLqNHEREEti3yTXpkVyfzUN3OPpze64vuiCL3hwAAJri3RdgdNs5iJQkqm8za8bDyDKV+29y7ud+fqvogix6cwAAaIp3X4DR1U1hqGJjTk13DLnmcf99zv3iz28VXZBFbw4AAE3x7gswuj05iKwkmI0JNdcBZJzE/bc696M/v1V0QRa9OQAANMW7L8Do9uQgspJItmfTXPcu7wzuv9u53/35raILsujNAQCgKd59AUa3MwcRl4SxPZUmumvZp+/bDafzeaX7vtn46LqiNwcAgKZ49wUY3f4cRGISwM9JNMv9KjF3pf8+TN/a/uK52+5U9OYAANAU774AozuUgwhNevdzBk1xIaULW+j+O2975dd/frdc6crdGQAAWuPdF2B0R3MQuUnXKiZugyta2HI333nnKw/w87vVRwcAAAF49wUY3YkcRHTSr4qJ2+DKFbbolO28+cVn2P56p6UDAICmePcFGN2JHER00qk9E2dyCylX2KJTtvPmF59h++udlg4AAJri3RdgdOdyEOlJj/bMmpktZCpsidqWnq+d97/4GNtfLzfG0tUDAIB2ePcFGN3pHESA0p09U2ZaC5kKm722N0zWzp+4+CTbXy80zOm2he4MAAAN8u4LMLorOYgMpSP7J8u0lrBUNWNt75mmPb+S5Um2b1JisPcUEAAAGuH1F4BLaYgkpQvTNO2fKXNawlLVXLW9Z452/kqWh9m+yfRpll95lf2GAADQMq+/AFxKQyQpXTg0Tea0hKWqWWp72wTt/KF7BpV91LeVEQAAWuD1F4CraYgwpX2H5siElvCsakfbbedvZXmknzfJPvA7KwkAANV5/QUgQxoiT2ncoQkym4UshZ3+e7rCp794zp6fy/VIP+8zXZDrtyZ57wYAAO3z+gtAnhxHpNKmOew6NjWmspDXwp4o8v3zsucXcz3Vzt+68+cAACASb8AA5AlEpCptOjEvprKQ18IeLXKVSdnzo7kebLrPzp/bc9m2LDcBAIC+eAMGIGeOk/5FM05Minks5LWwh4pca0b2/G7GZ9t5q+my0z965bsAANA178EAVMhxuM2JGTGJhbwWdn+RK07Hnp/O+HjlajJd/5ROAQDAYLwKA1Anx+EG36Zje5pMYiGrwu6pc925uPkJp1vtv9ty8U7pOwAAMDCvxQBkTppkLu34Nhfbc2QGC3kvbOMTsecB8j5k9SEDAEBUXrUBeBDlxLMxC9sTZPoKeS/s6Tm6x55nyPucLYwaAABC8qoNwIMoJ56NWdieINNXyHthv5W6kSnY8xhWCwAAdMGLOwAP+/OpnWRDdW3X/8qnnPZe2OnMx5PpX7XteZJ2nhYAANjgxR2Ah+xRlGyoru36X/mU0z4WdnWyqeLveRirBQAAuuDFHYAkexolHqpou/hXPuW0j4WdTj7Pf7ygoj3P09ozAwAAH3lxByBZpTlZwh0JURXbZZ8+/XlB+hdZfSvsPCEP6bgZex6pwccGAADeeXEHIFmlOVnCHQlRFdtlnz79eUH6F1l1V9g9D2y1AABAF7y4A5Cs0pxc4Y6Q6GbbBV8+3XMN2XVX2D0PbLUAAEAXvLgDkKzSnFzhjpDoZtsFXz7dcw3ZdVfYPQ9stQAAQBe8uAOQrNKcjOGOnOg226V+frrzMvLqrrB7HthqAQCALnhxByBZpTkZwx050W2+lXo6//rRt8sW259yWneF3fPAVgsAAHTBizsAySrNyRvuiIpusFHkQ5NrsgrprrB7HthqAQCALnhxByBZpTl5wx1R0Q2+Ffn9/PZ0mKxCuivsnge2WgAAoAte3AFIVmlO9nBHWlTURnnfP9qeCzNVSHeF3fPAVgsAAHTBizsAySrNyR7uSIuK+lbej+e358JMFdJdYfc8sNUCAABd8OIOQLJKc0qEOwKjQr4V9uj5hWkqpLvC7nlgqwUAALrgxR2AZJXmTIfZ853sN2TxrbBHzy9MUyHdFXbPA1stAADQBS/uACSrNGc6LJHvlLgnH6u6UertWTBHhXRX2D0PbLUAAEAXvLgDkKzSnOWwRMQjNsrrWz036rw9BSaokO4KayUAAEAYXu4BSFaJz3I4/Xd1/rrsNxzcx3rO8/a1zhsfTbY/5bTuCmslAABAGF7uAUhWic/zsEQSJF3K6GMxtyt85VNO666wVgIAAITh5R6AZJX4vB6WCIMETFl8K+N2ea98ymndFdZKAACAMLzcA5CsEp/XwxJhkIApi29l3C7vlU85rbvCWgkAABCGl3sAklXi8364OnNd9hsO6L2Gy5nt2l75lNO6K6yVAAAAYXi5ByBZJT7vAVD2SEjGdNHHAk4nfxZ2+4KfX+ec7gprJQAAQBhe7gFIVonPewBUIhISM13xsXrTyZ9V3b7g59c5p7vCWgkAABCGl3sAklXi8zEAyp4KiZmu+Fa9n1XdvsCkFNJdYa0EAAAIw8s9AMkq8fkWAGUPhiRN52zX7WdVNy4wI4V0V1grAQAAwvByD0CySny+BUDT+W8fnZP3buPYrts8Sw/p+M25j7iiu8JaCQAAEIaXewCSVeKzHQDljYeETUftrNh02bcrN+6w8RFXdFdYKwEAAMLwcg9Askp8tgOg6dPtC47Ke7fw9pdrnqiHdPzXx5OLb+e5qLvCWgkAABCGl3sAklXi8zMAypsQyZv2O1Gr6Svv3/p2n2/nuai7wloJAAAQhpd7AJJV4rMnAMobEomcdjpXqOlbqy9+u8+381yksAAAQC26EQCSnRHhq+yplpjsp4slev36t1tN51fSB1yjkgAAQC26EQCSVUS1M7F6ZIT5sq2Mt4rqYonm6Up32Hmr169whTICAAC16EYASFYR1f7EKmO2JSbblqs+032e0qlfDl3MRwoIAADUohsBIFlFVPsTq0c6mCneynWfqPLWZ563Azdcrl+kUxyhbgAAQC26EQCSVUR1KLF65II5Eq4sN4mqRHFO39NMnaBoAABALboRAJJVRHU0scqVcEnKvmmtMtPzLNIxv6gVAABQi24EgGQVUR1NrDImXMKydy3XZHo2U7aHKgEAALXoRgBIVhHVicTqkQXmyLmy3CSY9mti1n5SIgAAoBbdCADJKqI6l1hN3zr3xVfX7xBPFzWZJ9/cfaU4AABALboRAJJVRHU6scoSdcnLVjoqiLn7RmUAAIBadCMAJKuI6nRilSXqkpe96q4a0wObQQAAgHbo0ABIVrHd6RQvS/wnQ3zVaTVMIgAAQCO0ZwAkq8zudISXJfvLGyBOdzsnfb+2dp7kkE4fGwAAIB7tGQDJKrM7F+FN3zr3xZXT91m+uJI+Oyh9+a90toa6v35F9dIBAAAw0ZgBkKzSuqPh3Rz3PaTjy47e7ej1hyw3n6TjG1X50bwCDAEAAKBrujIAkmdU9wg7T1m+ntHPey6/u0inCks/dmOseedvFXJzxQAAAFjRkgGQtJnTbTxVxQd+hJr/Sh8UUPTmdwozEAAAgO7oxwBI2gzpPj7VdLKpp12eZyV9dlnGW1UXaSwAAAAd0YwBkDSb0L0/WBdh4vSQT+nUcVe+26Z4IwIAAGifTgyApNl47hGjvjzb6rALyzM/pbM7HLq4FyEHBQAA0DJtGABJ49ncIz2dpeNupWHslr4WSNRxAQAANEsPBkAimONO1hsAAMBtNGAAJFI5bmbJAQAA3EP3BUAikuNmlhwAAMA9dF8AQ/vzr3QW7mLVAQAA3EDrBTAosS+NsBQBAABK03QBjEjoRmusSQAAgHJ0XAADmf+fy4d0DM2wLAEAAMrRcQGMQv5L4yxRAACAQvRaAEMQrtEFCxUAAKAEvRZAfJI1evH4n4EtVwAAgNw0WgDBydToixULAACQnUYLIDKBGj2ybgEAAPLSZQGEJUqjU9PStXoBAAAy0mIBxCREo3fWMAAAQC76K4CAxGcEYBkDAADkor8CiEZ2RgzTSraYAQAAstBcAYQiNSMS6xkAACALzRVAHCIz4nn8/8AWNgAAwDXaKoAIJGXEZnkDAABcoacC6J6AjPAscgAAgCv0VADdE5AxAuscAADgNA0VQN9EYwxiWupWOwAAwDm6KYCOCcUYjTUPAABwglYKoFfiMAZk2QMAAJyglQLoz59ZOiA6c/1KNQAAAE7QSgF0Jl4K9oi0v0sXDUwRVhQEAADgKH0UQGciRWCPlHeWjj/5eUEky2DfpY+ZKQgAAMBR+iiAnnSdf8155j/SB7/sv7JrS00m6XiWTs3SKYZZEgAAALloogC60W/yNWeYD+n4oNNf7MsyzPfBPs9M/3hazgxLEQAAAA7RQQH0odPMa09a9/GC15M/7xDDMsz3wX48c1q6Rf8ijQUAAKA0HRRAB7oLvOa88SEdb/p42evJnffp3TLM98FmHH6kSg6yKgAAALLQQQE07c8sHTRvedpJOt7n4/WvJ4/esEfPMb4PNuPwI1VyhFUBAACQiw4KoGl9RV3nnvbjt15PjpD3Pcf4Pthcw5/uk+tWLQg2HAAAgKK0TwDt6jfkOpTQfbzy9eT+W/XrOcb3wU5n3k+ekOUmTYk3IgAAgEK0TwCN6j3heiSX+4bw8bLXkzvv06+fg71YgenrF+/QppCDAgAAKEH7BNCoAAnXziF8vOz1ZPiwbzXA9/FeqUDg6oVfGAAAALlonwBaFCPe2jmKj5e9npz+/fGaGN5H9z7Y9zN7zDd+SMfhBB4aAABAXtongObEyLbm+HHXQD5etjq581bdedSozPDnG8cs2lP4AQIAAOSifQJoS4xga04g9w7k45Wrk/vv1pdv47o+/KgVezXCGAEAALLQPgG04s8sHXTu0EA+Xrw6GaYyKxvjev3o0PCnixfpOK4RxggAAJCF9gmgCcHyrEPD+Xjx6mTUvG9jXK8f7Rz+dNkiHUc3zkgBAAAu0j4B1BcvzDo0oo8Xv58MGfltDOr1o+2xT58u0vEwBhwyAADAOdongMpCJlmHBvXx4veToxXq9aPtsYeszB7DDhwAAOAo7RNANX9m6SCWQ+P6ePH7yZC12h7U89NvJVqk48EMO3AAAIATdFAA1QSOsQ4N7ePF7yenMx+v7Nr2iJ6fvl72qMJf6dR4Bh8+AADAUToogDpiZ1iHRvfx4v0n+zUN5+eIlguel/28fhDqAAAAcIgmCuBuf2bpIKhDA/x48f6T/doznOWa6b9Py/nBqQMAAMAhmiiA+4yT4h0a6ccr95/s18/hTBc8pVOEWwYAAAA30EcB3GS06GqOLncN+eNl305+PN+p7bEsg52kY/5SEwAAgKP0UQB3GDa32jPwj9c8T07/WFnOB/BxLMsYJ6+Hy79ZKAgAAMBR+iiA4gYPreYY85J0o3DS8N6kj/96PzMy1QAAADhBKwVQltDqHHV7mkqhGgt1AAAAOEc3BVCQ0Oo0pXulGgt1AAAAOEc3BVDEn1k64DjVe2U5LRQBAADgHN0UQGYCuyzUcEVBJooAAABwjm4KICcpVS4quaIgE0UAAAA4RzcFkMefWTrgMsXklf0FAABwhYYKIAP5VHZKyivrAQAA4Ao9FcBV8ikozS4DAAC4Qk8Fo/tzSvoywikozy4DAAC4SFsFQ5sT3TN/B05/MR51gNLsMgAAgIu0VTC0i9nKIwmepePxjDx2uIddBgAAcJ3OCoaWK155JMGDJTUDDhlyWbbPtueVyz8AAAC4QnMFQ8ubsIyT10imYNu0R7al637ZfyUAAAAbNFcwtOwJyxzvBP/DEn6AsG3Z5tvSpZdlvBUAAMDINFcwtEIJy5wChf3zEnho8M2yqRfpVHl3/hYAAEBs+isYWtGQJWSCI5YinmlV/5QuvVGVHwUAAIhKiwWjKxe1zNlRqD8ywYbDyJbtuUinGtPsgwEAAPRIiwWjKx21RIpyBomlBkzfpiE/pVNUZSIAAADy0mXB6EqnLZHSnPDJ1DTA8GPcsIx9KcJkOcn91B8AACA7XRaM7obA5YafuEeMUUyWGXmXPh7YswhLQSbLIXdSdgAAgOw0WsDDDbFLgGSn3yFMT/4qneXNqj7L4SQdU1gqt4IDAADkptECHm6IXQIkO30N4ZGl/ZVOscN7xZYzk3RMMYoMAABQiHYLeLgn5Oo94uni+eeZfEjHHPexektVJ+mY3JQXAACgHO0WkNwTwXSd8jT78PPUJekUF2yUcSnyIp0iByUFAAAoSscF/OeeFKbfrKepJ39kZn+lU2Syp6RL5Z/SWS5QRgAAgHJ0XMB/bsuz+o17Kj75PDn/SWcp4Gh5lxlZpFMcp3oAAADl6LiAf9yWZPWb+Nz25PNU/Cedpbwr1TZTpykdAABAOTou4IMb4ph+E597itNLfXp5zkOuDGqeOjU5I2TdAAAAGqHjAj4T+nxT9LGnm/dSlo4e9aiL4wpclnfpsxzy3g0AAIBXOi7gq+wpz0q/oU+JJ5+L3UdBOnrUcy6OLnZxVua1kGG8ue4DAADARzouYEvpXKbf3Cfjkz/Sr37q0NGjnnZljPNkxi/RyjLqp3T2iHPfAgAAYCdNF/DD6Vhnj36jn6Usk3R81vU73CbLeLtwYphLcSbpeGypFrN06pf9VwIAAHCCpgvYpVxG03X6c+Xhp+/2MvaOHjWLQ4NdijNJx/xrZ3EUEAAAoChNF7DLzijnnK4DoBMPP9eymyF39Ki57BzyPI0P6ZjvUqVm6dSLjycBAADISN8FHFAurOk6Btr/8NOVfY20r6fN5eeo52kcsTJZrEqnmAAAADfQdwHHFIpseo+Bfj7/XLbOxtjdA+fybeDzHD6kY85KdfwrnQUAAKAYrRdwRvbgJkASNMdZH0bx7XzLenzmjN7HPnhBylmqupR3spwEAAAgOx0XcEb2vCZMADRnWWksr//uSI/PnNdrBeY5/E86SyavJVVeAACAcnRcwElzJpbzb0ikDCh7ce7R6WNn9yzC6z8WyyFZvJd0OfOUzgIAAHCZFgs4L3tSEyD3edaku7F098DlPGfw+Y/5tBJlM5f2IR1/kS56kT4AAADgIA0VcFXGaKbrlGcOqf55/l6G8/7kg1uq8azJ6pDrThfTLAAAAJyjmwKuypvLdJryfHvs9ocjVns31WTx8ZDrThdzmYhFOgUAAMAOmijgqrxxTI/hzvYztzwiUdpHr2VZ/q1QGSsw3SrL3Zb7LNIpAAAAvtA4ARlkTGH6CnTmAOr3A++87E43P1Jrw9/pWaVOnz+jpRRP6exxV777zfJIi3QKAACAf+mXgDwy5i+9RDlHn7Odcd38JL1M6Lvlyaf/9juEQs7VRBkBAABq0Y8BeWTMd9qPih4B2KmHPP3FjO58gBbGe8Xy8F0Poah5eh/S8S/7rwQAACAv/RiQx6Ew6Kdm06Isw8xykxNu/t0qY8zo+fy9D+QGj4U1S8efbH8KAABAUVoyIKdcQU+DgdEj4sr6VMsNJ+m4sNt+aHHzz2U3z8xjCL0P5GbPuq18Ow8AAMA9tGRATrmCnqYCozm/Kvg8y/0n6biAojdfKT2WezyHEGAs95uXwEM6VkYAAIDadGVATrmynkYyo0eOddeTLL81SceZlLjnhjt/q6jnQMKMqIrH4pulYwAAACrRmAE55Yp7qsdGc3JV5xly/XSu++x0888V9TqQMIOqZV4XSToFAADA7bRkQE65gp6KgdGcVlX+23j9GW4ews0/V9pzOMHGdb9VAadDJQUAAKhCMwZkliXlqRIVzQlVQ38Vl+d5lT7YtP/KXG7+uRs8RxRvaDd7L+B05imdAgAAoDw9GJBflnzn5pCoi0zqkZzN0vG/Nj4q5P5fvMdzUNVHNxf4IR135edjdzouAACAHmnAgPyyhDt3JkTdpVHTAz+fefn3Yjlzj5t/7k7PodUdY+8V3vP80zVP6RQAAAAFaLqA/LIEOrelQv3GT4/k7K906i73/+JiGexK+iyf5z1L3HyneWTVfv26ow/f+3gBAAAap+MC8suS5twQCc25U69/BlcPvxwu0qkybviJo7I/0nK3vPfcaR5Kkk516PTDLwNfpFMAAADkoMsC8suS4JSOgfqNmR4J2Swdv0kfz9KpTLLfMKOM413uk+tu+80jaLfCO+UawlKNSToGAADgAs0VkF+W4KZc+jMnSx3/9Tv08MtgV9JnR5z+4p2yPOTzJtdvddT9v5hd9iE8JqP/sgAAAFSnswLyy5LalIt+ug6VctV2JX3wyc8LWnPlgZ/fPX2H0+7/xezKDeExK7N0DAAAwEEaKiC/LGFN9sRnDpEe0nGHyj3/cudJOu68XKcfe/nizaN+VLnPOq+UHsVSqEk6BgAAYDetFJBflpgmY9YzB0cP6bhDtz3/8kOLdKpDp59/+da5754zP2nHpX66bRRLxRbpFAAAAL/ooIDMckUzp++z+uIjK+o8LbpzCMtvTdJxz44O5HnxoW9dMT9ghFJP7h/IUr1FOgUAAMAXGicgs1yJzJX7zLlQkk51684hxKjYyv5BPS/bef1F83MFqXbdgUSqJAAAQCG6JiCnjFmMWGcyp1s31WH5rUk6DmTPuF4v+HnxRfPjhKpzsOEAAADEo20DcsoYBo2cKz0ywlk6Lu/mn6tiGeMkHf/r9fy3a7IoevMq4o0IAAAgHp0bkE3eMGjkaOnmsU8/N061l8F+9HrB8u+8ljtP0nEU8UYEAAAQj84NyCN7EjRmtPTICO8d+PKLk3Q8vEKliFrkkIMCAACIR/MGZFAiCRowXbp/yMsvCvJeZa/GdMOoFY46LgAAgHj0b8BVJZKgOTcb6A9UlfEuPzpJx8zyFiRwhaOOCwAAICQtHHBJoSRoqIDpERPePt7lF+//3fblqsljUuOWN/DQAAAAQtLFAeeVS4IGyZgeMWGNkS4/WuWn23exLI8ZnaXjoMIPEAAAIBhdHHBS0RhokIypyjCfPyrI++hiWUaoqpUDAADQHY0ccEbRGGi6eeyYaRngJB3f6PmjVX69Cycq85jLv9KpuJYxjjBSAACASHRxwDFz0lX2T0fsgOmGAn6z/G7FB+jCoeKMVsznYEcbOAAAQO+0cMBet+U+IdOlpXqTdHy75afrPkMXlhIt0ql/pc9m6dQY3sc7WgUAAAD6pX8Dfpvzrpv+XMTLle6s3jfPB6j+JB2Z5+2zdMVIPo56zFIAAAD0SP8GbJkjr/v+UMQLlW4u4DfLMzTyMHTn27KxnAAAAHqhfwM+mwPDu/9EBAuVqtTw3fMZWngYerSxciwqAACALmjegH/8+Ssd36jKj5bTyHCWx3jMqLSOU36uHEsLAACgfTo34GEOCR/S8e0q/nRgz6oqL+fsWTlWFwAAQPt0bjC0P3+l43paeIZgniWdZ1h5OWz/srHAAAAAGqdtg0HNwWArfwFESNm9llR5OeHQsrHGAAAAGqdtg+H8+Ssd19bOk4SxKqkKc8LRZWOZAQAAtEzPBmP5M0sHbRAe5bWq5zzhKswx59aMlQYAANAsDRsMYU4CH9JxMxp8pK6911OFOer0mrHYAAAAmqVhgyG0mc7IjPJ6r6cKc9SVNWO9AQAANEvDBsH9maWDxsiMMvpYTBXmkOsLxpIDAABok24NwvozSwftkRZl9LGYKswhWRaMVQcAANAm3RqE1XIcIyrK6GMxp5OKzH4ZV4uFBwAA0CCtGgQ0B4Dt7m4hUUbfiqnI7Jd9tVh+AAAArdGnQTR/ZumgPeKhjL4Vc14C6swuhZaKFQgAANAUTRpE02z48ggmBUP5fCzmUuRJOoZN5ZaKRQgAANAUTRrEMad/7W5qqVBG34qpyOxXdLVYigAAAE3RpEEczcYu04OJhPL6Vk91ZqcblorVCAAA0A4dGgTRcuAiDMpLPbnotiVkrQIAADRCewbd+zNLB41p+dk6pZ5cdPMSsmIBAABaoDeD7rUZskxPJf3JTkm56P4lNP8lsG4BAAAq05hBx1qOV+Q+JagqV9RaP9YtAABAdRoz6JgIeCiqyhUV18/001YvAABAXboy6FWDqcqS9UzSMfmoKldUXz8WMAAAQF26MuhVa6nK9DyCnkIUlitaWD/WMAAAQF26MujPI21tKVJp7XniUV7OaWdvWsMAAAB16cqgP03lKcKd0lSYc/yhAAAA4ElXBv1pJ0+R7JSmwpzT4MqxmAEAACrSkkFnGklSpseQ6ZSmwpzT5sqxngEAACrSkkFPGolRpDk3UGTOaXnlWNUAAAC16MegGyLgcSgy5zS+cixsAACAWvRj0I3qAcr0AEKcGygy57S/cqxtAACAWvRj0IeK6cn004t0TEnqzGntLx7LGwAAoBb9GHTgEcFWSk+kNndSbU7rZfFY5AAAAFVoxqADd+Ym02+9Sme5hYJzQl9b1SIHAACoQjMGrbsnNJlzpCSd4l4qz1E9bljrHAAAoArNGDTtnpRHLtMCs8AhnS4Y6xwAAKAKzRg0rVxiMt35KZ2iHrPAIV0vGKsdAADgfjoxaFehrGS67SIdU5u5YL8Am9eCBwAAuJ9ODBpVIuspcU8uMiPsFGn/WvYAAAA304ZBiwrFPZKXBpkUts1/DJJ0qn+RxgIAANAFbRi0KGNEMmdHSTpFM0wK2wLvXIsfAADgTnowaFHGfETU0ixTwzfT2nhKp8IJPDQAAIAG6cGgORmjHzlLs0wNK/O+/086G9cIYwQAAGiHHgyakyUcmXMkG7xRpoZXy26dpONhDDhkAACAWjRg0JYssYhspWVmh6dpMSzS8WCGHTgAAMD9NGDQluuxiGClZWZnTNO8f5Q+HpUKAAAA3EYDBg25nolIVRpnguCVHQEAAHAP3Rc05GIgIk9pnAmCFZsCAADgHrovaMjpQGT6ojClfeYIVmwKAACAe+i+oBVzkHtmS4pRumCa4CNbAwAA4AZaL2iFCDg2MwUf2RoAAAA30HpBK6TAgZkm+MbuAAAAuIHWC1pxIgqRnnTBNME2ewQAAKA0fRe04mgOIjfphZmCbfYIAABAafouaMKhEGS6WGjSCzMFe9gpAAAARWm6oAk7E5BH+isr6Yr5gj3sFAAAgKI0XdCEPQmIlKQ7pgz2s18AAADK0XFBfTuzDxFJX8wXHGLLAAAAlKPjgvr2ZB/ykb6YLzjBxgEAAChEuwX1SYHjMV9wgo0DAABQiHYL6vsZfEhGumPK4Bx7BwAAoAS9FtS3nXrIRHpk1uAcewcAAKAEvRZUJgIOycTBabYPAABAdhotqGwj7xCFdMrEwRV2EAAAQHYaLahMChyPiYOLbCIAAIC8dFlQkwg4HhMH19lHAAAAeemyoKZvSYcEpF/mDrKwlQAAADLSYkFNH2MO2Ue/zB3kYjcBAABkpMWCmqTAwZg7yMiGAgAAyEV/BdWIgIMxd5CXPQUAAJCL/gqqeQ84RB5dM32QnW0FAACQheYKqpECB2P6IDvbCgAAIAvNFVSzSjeEHb0zg5CdbQUAAJCF5gqqkQJHYvqgEJsLAADgOp0VVCMFjsT0QSE2FwAAwHU6K6hGChyJ6YNy7C8AAICLtFVQjRQ4DHMHRdliAAAAF2mroBopcBjmDkqzywAAAK7QU0E1UuAwzB2UZpcBAABcoaeCaqTAYZg7uIGNBgAAcJqGCqqRAsdg4uAe9hoAAMBpGiqoRgocg4mDe9hrAAAAp2mooBopcAwmDm5juwEAAJyjm4JqpMABmDW4kx0HAABwjm4K6njPMqQbPTJrcDObDgAA4AStFNQhBY7BrMHNbDoAAIATtFJQhxQ4BrMG97PvAAAAjtJHQR1S4BjMGtzPvgMAADhKHwV1SIFjMGtwP/sOAADgKH0U1CEFjsGsQRW2HgAAwCGaKKhDChyDWYMqbD0AAIBDNFFQhxQ4BrMGtdh9AAAA++mgoA4pcAxmDWqx+wAAAPbTQUEdUuAYzBrUYvcBAADsp4OCOqTAMZg1qMgGBAAA2En7BHVIgWMwa1CRDQgAALCT9gnqkALHYNagLnsQAABgD70T1CEFjsGsQV32IAAAwB56J6hjlVwIMjpl4qA62xAAAOAnjRPUIQWOwcRBdbYhAADATxonqEMKHIOJg+psQwAAgJ80TlCHFDgMcwfV2YYAAADbdE1QhxQ4EtMHddmDAAAA23RNUIcUOBLTB9XZhgAAABu0TFCHFDgYMwh12YMAAAAbtExQhxQ4GDMI1dmGAAAA3+iXoA4pcDwmEeqyBwEAAL7RL0Ed72mF/KJ3ZhDqsgcBAAC+0S9BHVLgeMwgVGcbAgAAfKRZgjqkwCGZRKjLHgQAAPhIswR1SIFDMolQnW0IAADwTqcEdUiBozKPUJc9CAAA8E6nBHV8zCmEFwGYRKjONgQAAFjRJkEdUuCoTCJUZxsCAACsaJOgDilwYOYRqrMNAQAAXumRoA4pcGDmEaqzDQEAAF7pkaCObwmF5CIAkwjV2YYAAACv9EhQhxQ4NvMI1dmGAAAATxokqEMKHJt5hOpsQwAAgCcNEtQhBQ7PVEJ1tiEAAMBCdwR1SIHDM5VQnW0IAACw0B1BHVLgEZhNqM42BAAAmGiNoI6NYEJmEYnZhLrsQQAAgInWCOqQAg/CbEJ1tiEAAIC+COrYTiVkFpGYTajLHgQAANAXQR1S4HGYTajLHgQAANAXQR1S4KGYUKjLHgQAAAanKYI6pMBDMaFQlz0IAAAMTlMEdfyMJGQWkZhNqM42BAAARqYjgjqkwKMxoVCXPQgAAIxMRwR17MkjZBaRmE2ozjYEAACGpR2COqTAozGbUJ1tCAAADEs7BHXsDCNkFpGYTajONgQAAMakF4I6pMADMptQnW0IAACMSS8E1QiCB2Q2oTrbEAAAGJBGCKqRAg/IbEJ1tiEAADAgjRBUsz+JkFlEYjahOtsQAAAYjS4IatqZRAgsIjGbUJ1tCAAAjEYXBDXtTyJkFpGYTajONgQAAIaiBYLKBMEDMpVQnW0IAAAMRQsElR1KIsQWYZhKqM42BAAAxqH/gfr2JxEyizBMJVRnGwIAAOPQ/0B9h5IIsUUYphKqsw0BAIBBaH6gCUeDYMlFACYRqrMNAQCAQWh+oAknkgjhRQAmEaqzDQEAgBHofKAVguABmUGozjYEAABGoPOBhgiCB2QGoTrbEAAACE/bAw05l0TIL7pm+qA62xAAAAhP2wNtCRkET4+3U/rCYIYdOLTDNgQAAGLT80BzzoURTUUY08O8Smd3SF8YLI4ZbbzQINsQAACITc8DLTqXR7SQYkzPkOUxct2nC+OMFJplGwIAALHpeaBFp/OIWkHG9LuLdJxJuumL9EE4gYcGvbANAQCAwDQ80KIrYcQjK70ly1h+aJFOlXfzz90m5KCgL7YhAAAQmIYHGnUxj3hkpWUSjeXOk3RcQ/UHyC7YcKBHtiEAABCYhgfadT2SeGSl+XKNvHe7rrXnuSjSWKBTtiEAABCVbgealiWSeGSls3S8W/rai/RBS9KT9Z/dBBgC9M42BAAAotLtQOsyphKPrPTX3ZZrFulUJ3p85lddPzyEYScCAAAhaXWgA3O8mW23Lnf7Jl3UoTSA49L3G9DUw8CYbEMAACAkrQ50Qzbx6hHf/it98NfHk++Wy57S2UqqPwBgGwIAACFpdaAbc0ppzx6rw6GLJ0evz67urwMT2xAAAIhHnwOdmVPKQXfu6bEvX5yk403p0hfpg1vc/HPAO9sQAACIR58D/ZmTyYd0HF0a7eXxnr7D8utP6WwZpe8P/GQbAgAA8ehzoFcj5BSPzDXrMJcbTtLxKRe//lPp+wM/2YYAAEAwmhzo2CPODBpVlB7axftf/Pq2cncGdrINAQCAYDQ50L05kAyyl5exTNJxYRd/a/n6JB1nkv2GwFG2IQAAEIwmB4LoPbN4hKmVhrD89CQdH3T6ixtK3BM4xDYEAAAi0eFAHI8gs8PYop3HXp7kXfr4u3RdvlFkvBVwjm0IAABEosOBaOY0soOtvTznJB03LD3om/Txi/TB5UFdvwNwnZ0IAACEob2BmOYo8iEdt6flZ9tpqfBTOjtbHR518etAFnYiAAAQhvYGgnvEk3+lUw1o6mFyWYq8kj477sp3gSxsQwAAIAztDQxkjiUf0vFd0q++SB/Elcb5Vzp7xLlvAXnZiQAAQAx6GxjRnEw+pOOS7vmVZi11nqTj3U58BcjOTgQAAGLQ28DQ5nwySacuS7f7K50dXirHkYIcuhgowTYEAABi0NsAyRxRZpBuxyepRvuqtPMyoCg7EQAACEBjA3C3OQd+SMdf/LwAuIGdCAAABKCxAahgDoH/k86+2fgIuI2dCAAA9E5XA1DTHAL/J5396/0McD87EQAA6J2uBqAJcwj8n3RW/ARtsBMBAICuaWkAWjHHv+nP8vPfzzNARXYiAADQNS0NQFvm+Pe/P86yJ2iEzQgAAPRLPwPQnFXYJHuCFtiJAABAv/QzAC36M3v+e/kHUJGdCAAA9Es/A9AuQTC0wzYEAAD6pZ8BaNqfv9IxUI+dCAAAdEozA9CBJQiepGOgBnsQAADolGYGoA9SYKjOHgQAADqlmQHowxI/zVGwP91QjQ0IAAD0SCcD0IfX7GmOgv0BhwpsPQAAoEc6GYA+rLKnOQdO0imgPDsOAADokU4GoA/fsqc5B/bHHG5iuwEAAD3SyQD0YSN7mnNgf8/hJrYbAADQHW0MQDc2sqc5B/YnHe5grwEAAN3RxgB0Yzt7mnNgf9WhOBsNAADojjYGoCfiJ2iBnQgAAPRFDwPQGfETVGcbAgAAfdHDAHRG/AQtsBMBAICOaGAAOiN7ghbYiQAAQEc0MACdkT1BI2xGAACgF7oXAIAzpMAAAEAvdC8AACcJggEAgC5oXQAATpICAwAAXdC6AACcJAUGAAC6oHUBADhPEAwAALRP3wIAcJ4UGAAAaJ++BQDgPCkwAADQPn0LAMAlgmAAAKBxmhYAgEukwAAAQOM0LQAAB/yZpYOZFBgAAGicpgUA4BgpMAAA0BdNCwDAMVJgAACgL5oWAIBjpMAAAEBfNC0AAIf9+Vc6CwAA0CRNCwAAAABAZFJgAAAAAIDIpMAAAAAAAJFJgQEAAAAAIpMCAwAAAABEJgUGAAAAAIhMCgwAAAAAEJkUGAAAAAAgMikwAAAAAEBkUmAAAAAAgMikwAAAAAAAkUmBAQAAAAAikwIDAAAAAEQmBQYAAAAAiEwKDAAAAAAQmRQYAAAAACAyKTAAAAAAQGRSYAAAAACAyKTAAAAAAACRSYEBAAAAACKTAgMAAAAARCYFBgAAAACITAoMAAAAABCZFBgAAAAAIDIpMAAAAABAZFJgAAAAAIDIpMAAAAAAAJFJgQEAAAAAIpMCAwAAAABEJgUGAAAAAIhMCgwAAAAAEJkUGAAAAAAgMikwAAAAAEBkUmAAAAAAgMikwAAAAAAAkUmBAQAAAAAikwIDAAAAAEQmBQYAAAAAiEwKDAAAAAAQmRQYAAAAACAyKTAAAAAAQGRSYAAAAACAyKTAAAAAAACRSYEBAAAAACKTAgMAAAAARCYFBgAAAACITAoMAAAAABCZFBgAAAAAIDIpMAAAAABAZFJgAAAAAIDIpMAAAAAAAJFJgQEAAAAAIpMCAwAAAABEJgUGAAAAAIhMCgwAAAAAEJkUGAAAAAAgMikwAAAAAEBkUmAAAAAAgMikwAAAAAAAkUmBAQAAAAAikwIDAAAAAEQmBQYAAAAAiEwKDAAAAAAQmRQYAAAAACAyKTAAAAAAQGRSYAAAAACAyKTAAAAAAACRSYEBAAAAACKTAgMAAAAARCYFBgAAAACITAoMAAAAABCZFBgAAAAAIDIpMAAAAABAZFJgAAAAAIDIpMAAAAAAAJFJgQEAAAAAIpMCAwAAAABEJgUGAAAAAIhMCgwAAAAAEJkUGAAAAAAgMikwAAAAAEBkUmAAAAAAgMikwAAAAAAAkUmBAQAAAAAikwIDAAAAAEQmBQYAAAAAiEwKDAAAAAAQmRQYAAAAACAyKTAAAAAAQGRSYAAAAACAyKTAAAAAAACRSYEBAAAAACKTAgMAAAAARCYFBgAAAACITAoMAAAAABCZFBgAAAAAIDIpMAAAAABAZFJgAAAAAIDIpMAAAAAAAJFJgQEAAAAAIpMCAwAAAABEJgUGAAAAAIhMCgwAAAAAEJkUGAAAAAAgMikwAAAAAEBkUmAAAAAAgMikwAAAAAAAkUmBAQAAAAAikwIDAAAAAEQmBQYAAAAAiEwKDAAAAAAQmRQYAAAAACAyKTAAAAAAQGRSYAAAAACAyKTAAAAAAACRSYEBAAAAACKTAgMAAAAARCYFBgAAAACITAoMAAAAABCZFBgAAAAAIDIpMAAAAABAZFJgAAAAAIDIpMAAAAAAAJFJgQEAAAAAIpMCAwAAAABEJgUGAAAAAIhMCgwAAAAAEJkUGAAAAAAgMikwAAAAAEBkUmAAAAAAgMikwAAAAAAAkUmBAQAAAAAikwIDAAAAAEQmBQYAAAAAiEwKDAAAAAAQmRQYAAAAACAyKTAAAAAAQGRSYAAAAACAyKTAAAAAAACRSYEBAAAAACKTAgMAAAAARCYFBgAAAACITAoMAAAAABCZFBgAAAAAIDIpMAAAAABAZFJgAAAAAIDIpMAAAAAAAJFJgQEAAAAAIpMCAwAAAABEJgUGAAAAAIhMCgwAAAAAEJkUGAAAAAAgMikwAAAAAEBkUmAAAAAAgMikwAAAAAAAkUmBAQAAAAAikwIDAAAAAEQmBQYAAAAAiEwKDAAAAAAQmRQYAAAAACAyKTAAAAAAQGRSYAAAAACAyKTAAAAAAACRSYEBAAAAACKTAgMAAAAARCYFBgAAAACITAoMAAAAABCZFBgAAAAAIDIpMAAAAABAZFJgAAAAAIDIpMAAAAAAAJFJgQEAAAAAIpMCAwAAAABEJgUGAAAAAIhMCgwAAAAAEJkUGAAAAAAgMikwAAAAAEBkUmAAAAAAgMikwAAAAAAAkUmBAQAAAAAikwIDAAAAAEQmBQYAAAAAiEwKDAAAAAAQmRQYAAAAACAyKTAAAAAAQGRSYAAAAACAyKTAAAAAAACRSYEBAAAAACKTAgMAAAAARCYFBgAAAACITAoMAAAAABCZFBgAAAAAIDIpMAAAAABAZFJgAAAAAIDIpMAAAAAAAJFJgQEAAAAAIpMCAwAAAABEJgUGAAAAAIhMCgwAAAAAEJkUGAAAAAAgMikwAAAAAEBkUmAAAAAAgMikwAAAAAAAkUmBAQAAAAAikwIDAAAAAEQmBQYAAAAAiEwKDAAAAAAQmRQYAAAAACAyKTAAAAAAQGRSYAAAAACAyKTAAAAAAACRSYEBAAAAACKTAgMAAAAARCYFBgAAAACITAoMAAAAABCZFBgAAAAAIDIpMAAAAABAZFJgAAAAAIDIpMAAAAAAAJFJgQEAAAAAIpMCAwAAAABEJgUGAAAAAIhMCgwAAAAAEJkUGAAAAAAgMikwAAAAAEBkUmAAAAAAgMikwAAAAAAAkUmBAQAAAAAikwIDAAAAAEQmBQYAAAAAiEwKDAAAAAAQmRQYAAAAACAyKTAAAAAAQGRSYAAAAACAyKTAAAAAAACRSYEBAAAAACKTAgMAAAAARCYFBgAAAACI63//+z8xX8I/skMT0gAAAABJRU5ErkJggg==', 'image/png', 'Hola', 'Hola', 1, 1),
(23, 'Emanuel', 'iVBORw0KGgoAAAANSUhEUgAAB1cAAAMgCAIAAADwXnxcAAAAAXNSR0IArs4c6QAAAARnQU1BAACxjwv8YQUAAAAJcEhZcwAAEnQAABJ0Ad5mH3gAADoBSURBVHhe7drt1qOoEgbQvv+bPsconUmbxPgBAsXeP2a1xhgp4F3Ws+bP/wAAAAAAiEsKDAAAAAAQmRQYAAAAACAyKTAAAAAAQGRSYAAAAACAyKTAAAAAAACRSYEBAAAAACKTAgMAAAAARCYFBgAAAACITAoMAAAAABCZFBgAAAAAIDIpMAAAAABAZFJgAAAAAIDIpMAAAAAAAJFJgQEAAAAAIpMCAwAAAABEJgUGAAAAAIhMCgwAAAAAEJkUGAAAAAAgMikwAAAAAEBkUmAAAAAAgMikwAAAAAAAkUmBAQAAAAAikwIDAAAAAEQmBQYAAAAAiEwKDAAAAAAQmRQYAAAAACAyKTAAAAAAQGRSYAAAAACAyKTAAAAAAACRSYEBAAAAACKTAgMAAAAARCYFBgAAAACITAoMAAAAABCZFBgAAAAAIDIpMAAAAABAZFJgAAAAAIDIpMAAAAAAAJFJgQEAAAAAIpMCAwAAAABEJgUGAAAAAIhMCgwAAAAAEJkUGAAAAAAgMikwAAAAAEBkUmAAAAAAgMikwAAAAAAAkUmBAQAAAAAikwIDAAAAAEQmBQYAAAAAiEwKDAAAAAAQmRQYAAAAACAyKTAAAAAAQGRSYAAAAACAyKTAAAAAAACRSYEBAAAAACKTAgMAAAAARCYFBgAAAACITAoMAAAAABCZFBgAAAAAIDIpMAAAAABAZFJgAAAAAIDIpMAAAAAAAJFJgQEAAAAAIpMCAwAAAABEJgUGAAAAAIhMCgwAAAAAEJkUGAAAAAAgMikwAAAAAEBkUmAAAAAAgMikwAAAAAAAkUmBAQAAAAAikwIDAAAAAEQmBQYAAAAAiEwKDAAAAAAQmRQYAAAAACAyKTAAAAAAQGRSYAAAAACAyKTAAAAAAACRSYEBAAAAACKTAgMAAAAARCYFBgAAAACITAoMAAAAABCZFBgAAAAAIDIpMAAAAABAZFJgAAAAAIDIpMAAAAAAAJFJgQEAAAAAIpMCAwAAAABEJgUGAAAAAIhMCgwAAAAAEJkUGAAAAAAgMikwAAAAAEBkUmAAAAAAgMikwAAAAAAAkUmBAQAAAAAikwIDAAAAAEQmBQYAAAAAiEwKDAAAAAAQmRQYAAAAACAyKTAAAAAAQGRSYAAAAACAyKTAAAAAAACRSYEBAAAAACKTAgMAAAAARCYFBgAAAACITAoMAAAAABCZFBgAAAAAIDIpMAAAAABAZFJgAAAAAIDIpMAAAAAAAJFJgQEAAAAAIpMCAwAAAABEJgUGAAAAAIhMCgwAAAAAEJkUGAAAAAAgMikwAAAAAEBkUmAAADL781c6BgAAqvJqDgBAZkv+KwgGAIBGeC8HACCn1+RXCgwAAC3wXg4AQE6r5FcQDAAA1XkpBwBg7c+LdGq31VdO3AEAAMjLSzkAAGvP6FYKDAAAAXgpBwDgH6+57dEMd7r+/StHb1LUxycEAIDYvAEDAPCfVUJ6NDD9eP3p1LVQXFvotgAA0CxvwAAAPPyZpYO/jgamH6+fb3zmtfPct34qdFsAAGiWN2AAAL4Go0cD01z3WRSKawvdFgAAmuUNGABgdBup6NHA9Nv154LXQnFtodsCAECzvAEDAP+Rjg1oe9KPLomN60+srkILstBtAQCgWd6AAYCHP3+lY8bwc8aPLomN60+srkILcrptoTsDAECbvP4CAA9LKCYaG83PGT+0JLYvPrG6yi3IcncGAIAGef0FAFIiJhcbzc8ZP7ok7r/hFUVvDgAATfHuCzA6OQiTZRlYDEPZM91Hl8TP67Pf8IqiNwcAgKZ49wUYnRyEybIMLIZx7Jzro0vi5/XZb3hF0ZsDAEBTvPsCjO7PLB0wqmUNWAmD2D/RR5fEz+uz3/CKojcHAICmePcFGN2Sg0hDRvacfctgBIdm+eiS2HN90Qc4pOjNAQCgKd59AUa35CDSkGG9Tr1lMIJDs3x0Sey8fv9ti67JojcHAICmePcFGN0zBxGIjOl13q2B8I5OcaHr99+26JosenMAAGiKd1+A0b3mIDKR0axm3AKI7cT8Hv3Kzuv337bomix6cwAAaIp3X4DRrXIQschQzP44zk3u0W/tv37nlUXXZNGbAwBAU7z7AozuPQeRjIxjNdemPqrTM3v0i4eu33Nx0TVZ9OYAANAU774Ao/uYgwhHBrGaaPMe0pVpPfTdoz+05/qia7LozQEAoCnefQFG9zEHEY6M4H2WzXs8F+f00NeP/tae64uuyaI3BwCApnj3BRjdtxxEPhLe+xSb9GCuT+ihOxz9uT3XF12TRW8OAABN8e4LMLqNHEREEti3yTXpkVyfzUN3OPpze64vuiCL3hwAAJri3RdgdNs5iJQkqm8za8bDyDKV+29y7ud+fqvogix6cwAAaIp3X4DR1U1hqGJjTk13DLnmcf99zv3iz28VXZBFbw4AAE3x7gswuj05iKwkmI0JNdcBZJzE/bc696M/v1V0QRa9OQAANMW7L8Do9uQgspJItmfTXPcu7wzuv9u53/35raILsujNAQCgKd59AUa3MwcRl4SxPZUmumvZp+/bDafzeaX7vtn46LqiNwcAgKZ49wUY3f4cRGISwM9JNMv9KjF3pf8+TN/a/uK52+5U9OYAANAU774AozuUgwhNevdzBk1xIaULW+j+O2975dd/frdc6crdGQAAWuPdF2B0R3MQuUnXKiZugyta2HI333nnKw/w87vVRwcAAAF49wUY3YkcRHTSr4qJ2+DKFbbolO28+cVn2P56p6UDAICmePcFGN2JHER00qk9E2dyCylX2KJTtvPmF59h++udlg4AAJri3RdgdOdyEOlJj/bMmpktZCpsidqWnq+d97/4GNtfLzfG0tUDAIB2ePcFGN3pHESA0p09U2ZaC5kKm722N0zWzp+4+CTbXy80zOm2he4MAAAN8u4LMLorOYgMpSP7J8u0lrBUNWNt75mmPb+S5Um2b1JisPcUEAAAGuH1F4BLaYgkpQvTNO2fKXNawlLVXLW9Z452/kqWh9m+yfRpll95lf2GAADQMq+/AFxKQyQpXTg0Tea0hKWqWWp72wTt/KF7BpV91LeVEQAAWuD1F4CraYgwpX2H5siElvCsakfbbedvZXmknzfJPvA7KwkAANV5/QUgQxoiT2ncoQkym4UshZ3+e7rCp794zp6fy/VIP+8zXZDrtyZ57wYAAO3z+gtAnhxHpNKmOew6NjWmspDXwp4o8v3zsucXcz3Vzt+68+cAACASb8AA5AlEpCptOjEvprKQ18IeLXKVSdnzo7kebLrPzp/bc9m2LDcBAIC+eAMGIGeOk/5FM05Minks5LWwh4pca0b2/G7GZ9t5q+my0z965bsAANA178EAVMhxuM2JGTGJhbwWdn+RK07Hnp/O+HjlajJd/5ROAQDAYLwKA1Anx+EG36Zje5pMYiGrwu6pc925uPkJp1vtv9ty8U7pOwAAMDCvxQBkTppkLu34Nhfbc2QGC3kvbOMTsecB8j5k9SEDAEBUXrUBeBDlxLMxC9sTZPoKeS/s6Tm6x55nyPucLYwaAABC8qoNwIMoJ56NWdieINNXyHthv5W6kSnY8xhWCwAAdMGLOwAP+/OpnWRDdW3X/8qnnPZe2OnMx5PpX7XteZJ2nhYAANjgxR2Ah+xRlGyoru36X/mU0z4WdnWyqeLveRirBQAAuuDFHYAkexolHqpou/hXPuW0j4WdTj7Pf7ygoj3P09ozAwAAH3lxByBZpTlZwh0JURXbZZ8+/XlB+hdZfSvsPCEP6bgZex6pwccGAADeeXEHIFmlOVnCHQlRFdtlnz79eUH6F1l1V9g9D2y1AABAF7y4A5Cs0pxc4Y6Q6GbbBV8+3XMN2XVX2D0PbLUAAEAXvLgDkKzSnFzhjpDoZtsFXz7dcw3ZdVfYPQ9stQAAQBe8uAOQrNKcjOGOnOg226V+frrzMvLqrrB7HthqAQCALnhxByBZpTkZwx050W2+lXo6//rRt8sW259yWneF3fPAVgsAAHTBizsAySrNyRvuiIpusFHkQ5NrsgrprrB7HthqAQCALnhxByBZpTl5wx1R0Q2+Ffn9/PZ0mKxCuivsnge2WgAAoAte3AFIVmlO9nBHWlTURnnfP9qeCzNVSHeF3fPAVgsAAHTBizsAySrNyR7uSIuK+lbej+e358JMFdJdYfc8sNUCAABd8OIOQLJKc0qEOwKjQr4V9uj5hWkqpLvC7nlgqwUAALrgxR2AZJXmTIfZ853sN2TxrbBHzy9MUyHdFXbPA1stAADQBS/uACSrNGc6LJHvlLgnH6u6UertWTBHhXRX2D0PbLUAAEAXvLgDkKzSnOWwRMQjNsrrWz036rw9BSaokO4KayUAAEAYXu4BSFaJz3I4/Xd1/rrsNxzcx3rO8/a1zhsfTbY/5bTuCmslAABAGF7uAUhWic/zsEQSJF3K6GMxtyt85VNO666wVgIAAITh5R6AZJX4vB6WCIMETFl8K+N2ea98ymndFdZKAACAMLzcA5CsEp/XwxJhkIApi29l3C7vlU85rbvCWgkAABCGl3sAklXi8364OnNd9hsO6L2Gy5nt2l75lNO6K6yVAAAAYXi5ByBZJT7vAVD2SEjGdNHHAk4nfxZ2+4KfX+ec7gprJQAAQBhe7gFIVonPewBUIhISM13xsXrTyZ9V3b7g59c5p7vCWgkAABCGl3sAklXi8zEAyp4KiZmu+Fa9n1XdvsCkFNJdYa0EAAAIw8s9AMkq8fkWAGUPhiRN52zX7WdVNy4wI4V0V1grAQAAwvByD0CySny+BUDT+W8fnZP3buPYrts8Sw/p+M25j7iiu8JaCQAAEIaXewCSVeKzHQDljYeETUftrNh02bcrN+6w8RFXdFdYKwEAAMLwcg9Askp8tgOg6dPtC47Ke7fw9pdrnqiHdPzXx5OLb+e5qLvCWgkAABCGl3sAklXi8zMAypsQyZv2O1Gr6Svv3/p2n2/nuai7wloJAAAQhpd7AJJV4rMnAMobEomcdjpXqOlbqy9+u8+381yksAAAQC26EQCSnRHhq+yplpjsp4slev36t1tN51fSB1yjkgAAQC26EQCSVUS1M7F6ZIT5sq2Mt4rqYonm6Up32Hmr169whTICAAC16EYASFYR1f7EKmO2JSbblqs+032e0qlfDl3MRwoIAADUohsBIFlFVPsTq0c6mCneynWfqPLWZ563Azdcrl+kUxyhbgAAQC26EQCSVUR1KLF65II5Eq4sN4mqRHFO39NMnaBoAABALboRAJJVRHU0scqVcEnKvmmtMtPzLNIxv6gVAABQi24EgGQVUR1NrDImXMKydy3XZHo2U7aHKgEAALXoRgBIVhHVicTqkQXmyLmy3CSY9mti1n5SIgAAoBbdCADJKqI6l1hN3zr3xVfX7xBPFzWZJ9/cfaU4AABALboRAJJVRHU6scoSdcnLVjoqiLn7RmUAAIBadCMAJKuI6nRilSXqkpe96q4a0wObQQAAgHbo0ABIVrHd6RQvS/wnQ3zVaTVMIgAAQCO0ZwAkq8zudISXJfvLGyBOdzsnfb+2dp7kkE4fGwAAIB7tGQDJKrM7F+FN3zr3xZXT91m+uJI+Oyh9+a90toa6v35F9dIBAAAw0ZgBkKzSuqPh3Rz3PaTjy47e7ej1hyw3n6TjG1X50bwCDAEAAKBrujIAkmdU9wg7T1m+ntHPey6/u0inCks/dmOseedvFXJzxQAAAFjRkgGQtJnTbTxVxQd+hJr/Sh8UUPTmdwozEAAAgO7oxwBI2gzpPj7VdLKpp12eZyV9dlnGW1UXaSwAAAAd0YwBkDSb0L0/WBdh4vSQT+nUcVe+26Z4IwIAAGifTgyApNl47hGjvjzb6rALyzM/pbM7HLq4FyEHBQAA0DJtGABJ49ncIz2dpeNupWHslr4WSNRxAQAANEsPBkAimONO1hsAAMBtNGAAJFI5bmbJAQAA3EP3BUAikuNmlhwAAMA9dF8AQ/vzr3QW7mLVAQAA3EDrBTAosS+NsBQBAABK03QBjEjoRmusSQAAgHJ0XAADmf+fy4d0DM2wLAEAAMrRcQGMQv5L4yxRAACAQvRaAEMQrtEFCxUAAKAEvRZAfJI1evH4n4EtVwAAgNw0WgDBydToixULAACQnUYLIDKBGj2ybgEAAPLSZQGEJUqjU9PStXoBAAAy0mIBxCREo3fWMAAAQC76K4CAxGcEYBkDAADkor8CiEZ2RgzTSraYAQAAstBcAYQiNSMS6xkAACALzRVAHCIz4nn8/8AWNgAAwDXaKoAIJGXEZnkDAABcoacC6J6AjPAscgAAgCv0VADdE5AxAuscAADgNA0VQN9EYwxiWupWOwAAwDm6KYCOCcUYjTUPAABwglYKoFfiMAZk2QMAAJyglQLoz59ZOiA6c/1KNQAAAE7QSgF0Jl4K9oi0v0sXDUwRVhQEAADgKH0UQGciRWCPlHeWjj/5eUEky2DfpY+ZKQgAAMBR+iiAnnSdf8155j/SB7/sv7JrS00m6XiWTs3SKYZZEgAAALloogC60W/yNWeYD+n4oNNf7MsyzPfBPs9M/3hazgxLEQAAAA7RQQH0odPMa09a9/GC15M/7xDDMsz3wX48c1q6Rf8ijQUAAKA0HRRAB7oLvOa88SEdb/p42evJnffp3TLM98FmHH6kSg6yKgAAALLQQQE07c8sHTRvedpJOt7n4/WvJ4/esEfPMb4PNuPwI1VyhFUBAACQiw4KoGl9RV3nnvbjt15PjpD3Pcf4Pthcw5/uk+tWLQg2HAAAgKK0TwDt6jfkOpTQfbzy9eT+W/XrOcb3wU5n3k+ekOUmTYk3IgAAgEK0TwCN6j3heiSX+4bw8bLXkzvv06+fg71YgenrF+/QppCDAgAAKEH7BNCoAAnXziF8vOz1ZPiwbzXA9/FeqUDg6oVfGAAAALlonwBaFCPe2jmKj5e9npz+/fGaGN5H9z7Y9zN7zDd+SMfhBB4aAABAXtongObEyLbm+HHXQD5etjq581bdedSozPDnG8cs2lP4AQIAAOSifQJoS4xga04g9w7k45Wrk/vv1pdv47o+/KgVezXCGAEAALLQPgG04s8sHXTu0EA+Xrw6GaYyKxvjev3o0PCnixfpOK4RxggAAJCF9gmgCcHyrEPD+Xjx6mTUvG9jXK8f7Rz+dNkiHUc3zkgBAAAu0j4B1BcvzDo0oo8Xv58MGfltDOr1o+2xT58u0vEwBhwyAADAOdongMpCJlmHBvXx4veToxXq9aPtsYeszB7DDhwAAOAo7RNANX9m6SCWQ+P6ePH7yZC12h7U89NvJVqk48EMO3AAAIATdFAA1QSOsQ4N7ePF7yenMx+v7Nr2iJ6fvl72qMJf6dR4Bh8+AADAUToogDpiZ1iHRvfx4v0n+zUN5+eIlguel/28fhDqAAAAcIgmCuBuf2bpIKhDA/x48f6T/doznOWa6b9Py/nBqQMAAMAhmiiA+4yT4h0a6ccr95/s18/hTBc8pVOEWwYAAAA30EcB3GS06GqOLncN+eNl305+PN+p7bEsg52kY/5SEwAAgKP0UQB3GDa32jPwj9c8T07/WFnOB/BxLMsYJ6+Hy79ZKAgAAMBR+iiA4gYPreYY85J0o3DS8N6kj/96PzMy1QAAADhBKwVQltDqHHV7mkqhGgt1AAAAOEc3BVCQ0Oo0pXulGgt1AAAAOEc3BVDEn1k64DjVe2U5LRQBAADgHN0UQGYCuyzUcEVBJooAAABwjm4KICcpVS4quaIgE0UAAAA4RzcFkMefWTrgMsXklf0FAABwhYYKIAP5VHZKyivrAQAA4Ao9FcBV8ikozS4DAAC4Qk8Fo/tzSvoywikozy4DAAC4SFsFQ5sT3TN/B05/MR51gNLsMgAAgIu0VTC0i9nKIwmepePxjDx2uIddBgAAcJ3OCoaWK155JMGDJTUDDhlyWbbPtueVyz8AAAC4QnMFQ8ubsIyT10imYNu0R7al637ZfyUAAAAbNFcwtOwJyxzvBP/DEn6AsG3Z5tvSpZdlvBUAAMDINFcwtEIJy5wChf3zEnho8M2yqRfpVHl3/hYAAEBs+isYWtGQJWSCI5YinmlV/5QuvVGVHwUAAIhKiwWjKxe1zNlRqD8ywYbDyJbtuUinGtPsgwEAAPRIiwWjKx21RIpyBomlBkzfpiE/pVNUZSIAAADy0mXB6EqnLZHSnPDJ1DTA8GPcsIx9KcJkOcn91B8AACA7XRaM7obA5YafuEeMUUyWGXmXPh7YswhLQSbLIXdSdgAAgOw0WsDDDbFLgGSn3yFMT/4qneXNqj7L4SQdU1gqt4IDAADkptECHm6IXQIkO30N4ZGl/ZVOscN7xZYzk3RMMYoMAABQiHYLeLgn5Oo94uni+eeZfEjHHPexektVJ+mY3JQXAACgHO0WkNwTwXSd8jT78PPUJekUF2yUcSnyIp0iByUFAAAoSscF/OeeFKbfrKepJ39kZn+lU2Syp6RL5Z/SWS5QRgAAgHJ0XMB/bsuz+o17Kj75PDn/SWcp4Gh5lxlZpFMcp3oAAADl6LiAf9yWZPWb+Nz25PNU/Cedpbwr1TZTpykdAABAOTou4IMb4ph+E597itNLfXp5zkOuDGqeOjU5I2TdAAAAGqHjAj4T+nxT9LGnm/dSlo4e9aiL4wpclnfpsxzy3g0AAIBXOi7gq+wpz0q/oU+JJ5+L3UdBOnrUcy6OLnZxVua1kGG8ue4DAADARzouYEvpXKbf3Cfjkz/Sr37q0NGjnnZljPNkxi/RyjLqp3T2iHPfAgAAYCdNF/DD6Vhnj36jn6Usk3R81vU73CbLeLtwYphLcSbpeGypFrN06pf9VwIAAHCCpgvYpVxG03X6c+Xhp+/2MvaOHjWLQ4NdijNJx/xrZ3EUEAAAoChNF7DLzijnnK4DoBMPP9eymyF39Ki57BzyPI0P6ZjvUqVm6dSLjycBAADISN8FHFAurOk6Btr/8NOVfY20r6fN5eeo52kcsTJZrEqnmAAAADfQdwHHFIpseo+Bfj7/XLbOxtjdA+fybeDzHD6kY85KdfwrnQUAAKAYrRdwRvbgJkASNMdZH0bx7XzLenzmjN7HPnhBylmqupR3spwEAAAgOx0XcEb2vCZMADRnWWksr//uSI/PnNdrBeY5/E86SyavJVVeAACAcnRcwElzJpbzb0ikDCh7ce7R6WNn9yzC6z8WyyFZvJd0OfOUzgIAAHCZFgs4L3tSEyD3edaku7F098DlPGfw+Y/5tBJlM5f2IR1/kS56kT4AAADgIA0VcFXGaKbrlGcOqf55/l6G8/7kg1uq8azJ6pDrThfTLAAAAJyjmwKuypvLdJryfHvs9ocjVns31WTx8ZDrThdzmYhFOgUAAMAOmijgqrxxTI/hzvYztzwiUdpHr2VZ/q1QGSsw3SrL3Zb7LNIpAAAAvtA4ARlkTGH6CnTmAOr3A++87E43P1Jrw9/pWaVOnz+jpRRP6exxV777zfJIi3QKAACAf+mXgDwy5i+9RDlHn7Odcd38JL1M6Lvlyaf/9juEQs7VRBkBAABq0Y8BeWTMd9qPih4B2KmHPP3FjO58gBbGe8Xy8F0Poah5eh/S8S/7rwQAACAv/RiQx6Ew6Kdm06Isw8xykxNu/t0qY8zo+fy9D+QGj4U1S8efbH8KAABAUVoyIKdcQU+DgdEj4sr6VMsNJ+m4sNt+aHHzz2U3z8xjCL0P5GbPuq18Ow8AAMA9tGRATrmCnqYCozm/Kvg8y/0n6biAojdfKT2WezyHEGAs95uXwEM6VkYAAIDadGVATrmynkYyo0eOddeTLL81SceZlLjnhjt/q6jnQMKMqIrH4pulYwAAACrRmAE55Yp7qsdGc3JV5xly/XSu++x0888V9TqQMIOqZV4XSToFAADA7bRkQE65gp6KgdGcVlX+23j9GW4ews0/V9pzOMHGdb9VAadDJQUAAKhCMwZkliXlqRIVzQlVQ38Vl+d5lT7YtP/KXG7+uRs8RxRvaDd7L+B05imdAgAAoDw9GJBflnzn5pCoi0zqkZzN0vG/Nj4q5P5fvMdzUNVHNxf4IR135edjdzouAACAHmnAgPyyhDt3JkTdpVHTAz+fefn3Yjlzj5t/7k7PodUdY+8V3vP80zVP6RQAAAAFaLqA/LIEOrelQv3GT4/k7K906i73/+JiGexK+iyf5z1L3HyneWTVfv26ow/f+3gBAAAap+MC8suS5twQCc25U69/BlcPvxwu0qkybviJo7I/0nK3vPfcaR5Kkk516PTDLwNfpFMAAADkoMsC8suS4JSOgfqNmR4J2Swdv0kfz9KpTLLfMKOM413uk+tu+80jaLfCO+UawlKNSToGAADgAs0VkF+W4KZc+jMnSx3/9Tv08MtgV9JnR5z+4p2yPOTzJtdvddT9v5hd9iE8JqP/sgAAAFSnswLyy5LalIt+ug6VctV2JX3wyc8LWnPlgZ/fPX2H0+7/xezKDeExK7N0DAAAwEEaKiC/LGFN9sRnDpEe0nGHyj3/cudJOu68XKcfe/nizaN+VLnPOq+UHsVSqEk6BgAAYDetFJBflpgmY9YzB0cP6bhDtz3/8kOLdKpDp59/+da5754zP2nHpX66bRRLxRbpFAAAAL/ooIDMckUzp++z+uIjK+o8LbpzCMtvTdJxz44O5HnxoW9dMT9ghFJP7h/IUr1FOgUAAMAXGicgs1yJzJX7zLlQkk51684hxKjYyv5BPS/bef1F83MFqXbdgUSqJAAAQCG6JiCnjFmMWGcyp1s31WH5rUk6DmTPuF4v+HnxRfPjhKpzsOEAAADEo20DcsoYBo2cKz0ywlk6Lu/mn6tiGeMkHf/r9fy3a7IoevMq4o0IAAAgHp0bkE3eMGjkaOnmsU8/N061l8F+9HrB8u+8ljtP0nEU8UYEAAAQj84NyCN7EjRmtPTICO8d+PKLk3Q8vEKliFrkkIMCAACIR/MGZFAiCRowXbp/yMsvCvJeZa/GdMOoFY46LgAAgHj0b8BVJZKgOTcb6A9UlfEuPzpJx8zyFiRwhaOOCwAAICQtHHBJoSRoqIDpERPePt7lF+//3fblqsljUuOWN/DQAAAAQtLFAeeVS4IGyZgeMWGNkS4/WuWn23exLI8ZnaXjoMIPEAAAIBhdHHBS0RhokIypyjCfPyrI++hiWUaoqpUDAADQHY0ccEbRGGi6eeyYaRngJB3f6PmjVX69Cycq85jLv9KpuJYxjjBSAACASHRxwDFz0lX2T0fsgOmGAn6z/G7FB+jCoeKMVsznYEcbOAAAQO+0cMBet+U+IdOlpXqTdHy75afrPkMXlhIt0ql/pc9m6dQY3sc7WgUAAAD6pX8Dfpvzrpv+XMTLle6s3jfPB6j+JB2Z5+2zdMVIPo56zFIAAAD0SP8GbJkjr/v+UMQLlW4u4DfLMzTyMHTn27KxnAAAAHqhfwM+mwPDu/9EBAuVqtTw3fMZWngYerSxciwqAACALmjegH/8+Ssd36jKj5bTyHCWx3jMqLSOU36uHEsLAACgfTo34GEOCR/S8e0q/nRgz6oqL+fsWTlWFwAAQPt0bjC0P3+l43paeIZgniWdZ1h5OWz/srHAAAAAGqdtg0HNwWArfwFESNm9llR5OeHQsrHGAAAAGqdtg+H8+Ssd19bOk4SxKqkKc8LRZWOZAQAAtEzPBmP5M0sHbRAe5bWq5zzhKswx59aMlQYAANAsDRsMYU4CH9JxMxp8pK6911OFOer0mrHYAAAAmqVhgyG0mc7IjPJ6r6cKc9SVNWO9AQAANEvDBsH9maWDxsiMMvpYTBXmkOsLxpIDAABok24NwvozSwftkRZl9LGYKswhWRaMVQcAANAm3RqE1XIcIyrK6GMxp5OKzH4ZV4uFBwAA0CCtGgQ0B4Dt7m4hUUbfiqnI7Jd9tVh+AAAArdGnQTR/ZumgPeKhjL4Vc14C6swuhZaKFQgAANAUTRpE02z48ggmBUP5fCzmUuRJOoZN5ZaKRQgAANAUTRrEMad/7W5qqVBG34qpyOxXdLVYigAAAE3RpEEczcYu04OJhPL6Vk91ZqcblorVCAAA0A4dGgTRcuAiDMpLPbnotiVkrQIAADRCewbd+zNLB41p+dk6pZ5cdPMSsmIBAABaoDeD7rUZskxPJf3JTkm56P4lNP8lsG4BAAAq05hBx1qOV+Q+JagqV9RaP9YtAABAdRoz6JgIeCiqyhUV18/001YvAABAXboy6FWDqcqS9UzSMfmoKldUXz8WMAAAQF26MuhVa6nK9DyCnkIUlitaWD/WMAAAQF26MujPI21tKVJp7XniUV7OaWdvWsMAAAB16cqgP03lKcKd0lSYc/yhAAAA4ElXBv1pJ0+R7JSmwpzT4MqxmAEAACrSkkFnGklSpseQ6ZSmwpzT5sqxngEAACrSkkFPGolRpDk3UGTOaXnlWNUAAAC16MegGyLgcSgy5zS+cixsAACAWvRj0I3qAcr0AEKcGygy57S/cqxtAACAWvRj0IeK6cn004t0TEnqzGntLx7LGwAAoBb9GHTgEcFWSk+kNndSbU7rZfFY5AAAAFVoxqADd+Ym02+9Sme5hYJzQl9b1SIHAACoQjMGrbsnNJlzpCSd4l4qz1E9bljrHAAAoArNGDTtnpRHLtMCs8AhnS4Y6xwAAKAKzRg0rVxiMt35KZ2iHrPAIV0vGKsdAADgfjoxaFehrGS67SIdU5u5YL8Am9eCBwAAuJ9ODBpVIuspcU8uMiPsFGn/WvYAAAA304ZBiwrFPZKXBpkUts1/DJJ0qn+RxgIAANAFbRi0KGNEMmdHSTpFM0wK2wLvXIsfAADgTnowaFHGfETU0ixTwzfT2nhKp8IJPDQAAIAG6cGgORmjHzlLs0wNK/O+/086G9cIYwQAAGiHHgyakyUcmXMkG7xRpoZXy26dpONhDDhkAACAWjRg0JYssYhspWVmh6dpMSzS8WCGHTgAAMD9NGDQluuxiGClZWZnTNO8f5Q+HpUKAAAA3EYDBg25nolIVRpnguCVHQEAAHAP3Rc05GIgIk9pnAmCFZsCAADgHrovaMjpQGT6ojClfeYIVmwKAACAe+i+oBVzkHtmS4pRumCa4CNbAwAA4AZaL2iFCDg2MwUf2RoAAAA30HpBK6TAgZkm+MbuAAAAuIHWC1pxIgqRnnTBNME2ewQAAKA0fRe04mgOIjfphZmCbfYIAABAafouaMKhEGS6WGjSCzMFe9gpAAAARWm6oAk7E5BH+isr6Yr5gj3sFAAAgKI0XdCEPQmIlKQ7pgz2s18AAADK0XFBfTuzDxFJX8wXHGLLAAAAlKPjgvr2ZB/ykb6YLzjBxgEAAChEuwX1SYHjMV9wgo0DAABQiHYL6vsZfEhGumPK4Bx7BwAAoAS9FtS3nXrIRHpk1uAcewcAAKAEvRZUJgIOycTBabYPAABAdhotqGwj7xCFdMrEwRV2EAAAQHYaLahMChyPiYOLbCIAAIC8dFlQkwg4HhMH19lHAAAAeemyoKZvSYcEpF/mDrKwlQAAADLSYkFNH2MO2Ue/zB3kYjcBAABkpMWCmqTAwZg7yMiGAgAAyEV/BdWIgIMxd5CXPQUAAJCL/gqqeQ84RB5dM32QnW0FAACQheYKqpECB2P6IDvbCgAAIAvNFVSzSjeEHb0zg5CdbQUAAJCF5gqqkQJHYvqgEJsLAADgOp0VVCMFjsT0QSE2FwAAwHU6K6hGChyJ6YNy7C8AAICLtFVQjRQ4DHMHRdliAAAAF2mroBopcBjmDkqzywAAAK7QU0E1UuAwzB2UZpcBAABcoaeCaqTAYZg7uIGNBgAAcJqGCqqRAsdg4uAe9hoAAMBpGiqoRgocg4mDe9hrAAAAp2mooBopcAwmDm5juwEAAJyjm4JqpMABmDW4kx0HAABwjm4K6njPMqQbPTJrcDObDgAA4AStFNQhBY7BrMHNbDoAAIATtFJQhxQ4BrMG97PvAAAAjtJHQR1S4BjMGtzPvgMAADhKHwV1SIFjMGtwP/sOAADgKH0U1CEFjsGsQRW2HgAAwCGaKKhDChyDWYMqbD0AAIBDNFFQhxQ4BrMGtdh9AAAA++mgoA4pcAxmDWqx+wAAAPbTQUEdUuAYzBrUYvcBAADsp4OCOqTAMZg1qMgGBAAA2En7BHVIgWMwa1CRDQgAALCT9gnqkALHYNagLnsQAABgD70T1CEFjsGsQV32IAAAwB56J6hjlVwIMjpl4qA62xAAAOAnjRPUIQWOwcRBdbYhAADATxonqEMKHIOJg+psQwAAgJ80TlCHFDgMcwfV2YYAAADbdE1QhxQ4EtMHddmDAAAA23RNUIcUOBLTB9XZhgAAABu0TFCHFDgYMwh12YMAAAAbtExQhxQ4GDMI1dmGAAAA3+iXoA4pcDwmEeqyBwEAAL7RL0Ed72mF/KJ3ZhDqsgcBAAC+0S9BHVLgeMwgVGcbAgAAfKRZgjqkwCGZRKjLHgQAAPhIswR1SIFDMolQnW0IAADwTqcEdUiBozKPUJc9CAAA8E6nBHV8zCmEFwGYRKjONgQAAFjRJkEdUuCoTCJUZxsCAACsaJOgDilwYOYRqrMNAQAAXumRoA4pcGDmEaqzDQEAAF7pkaCObwmF5CIAkwjV2YYAAACv9EhQhxQ4NvMI1dmGAAAATxokqEMKHJt5hOpsQwAAgCcNEtQhBQ7PVEJ1tiEAAMBCdwR1SIHDM5VQnW0IAACw0B1BHVLgEZhNqM42BAAAmGiNoI6NYEJmEYnZhLrsQQAAgInWCOqQAg/CbEJ1tiEAAIC+COrYTiVkFpGYTajLHgQAANAXQR1S4HGYTajLHgQAANAXQR1S4KGYUKjLHgQAAAanKYI6pMBDMaFQlz0IAAAMTlMEdfyMJGQWkZhNqM42BAAARqYjgjqkwKMxoVCXPQgAAIxMRwR17MkjZBaRmE2ozjYEAACGpR2COqTAozGbUJ1tCAAADEs7BHXsDCNkFpGYTajONgQAAMakF4I6pMADMptQnW0IAACMSS8E1QiCB2Q2oTrbEAAAGJBGCKqRAg/IbEJ1tiEAADAgjRBUsz+JkFlEYjahOtsQAAAYjS4IatqZRAgsIjGbUJ1tCAAAjEYXBDXtTyJkFpGYTajONgQAAIaiBYLKBMEDMpVQnW0IAAAMRQsElR1KIsQWYZhKqM42BAAAxqH/gfr2JxEyizBMJVRnGwIAAOPQ/0B9h5IIsUUYphKqsw0BAIBBaH6gCUeDYMlFACYRqrMNAQCAQWh+oAknkgjhRQAmEaqzDQEAgBHofKAVguABmUGozjYEAABGoPOBhgiCB2QGoTrbEAAACE/bAw05l0TIL7pm+qA62xAAAAhP2wNtCRkET4+3U/rCYIYdOLTDNgQAAGLT80BzzoURTUUY08O8Smd3SF8YLI4ZbbzQINsQAACITc8DLTqXR7SQYkzPkOUxct2nC+OMFJplGwIAALHpeaBFp/OIWkHG9LuLdJxJuumL9EE4gYcGvbANAQCAwDQ80KIrYcQjK70ly1h+aJFOlXfzz90m5KCgL7YhAAAQmIYHGnUxj3hkpWUSjeXOk3RcQ/UHyC7YcKBHtiEAABCYhgfadT2SeGSl+XKNvHe7rrXnuSjSWKBTtiEAABCVbgealiWSeGSls3S8W/rai/RBS9KT9Z/dBBgC9M42BAAAotLtQOsyphKPrPTX3ZZrFulUJ3p85lddPzyEYScCAAAhaXWgA3O8mW23Lnf7Jl3UoTSA49L3G9DUw8CYbEMAACAkrQ50Qzbx6hHf/it98NfHk++Wy57S2UqqPwBgGwIAACFpdaAbc0ppzx6rw6GLJ0evz67urwMT2xAAAIhHnwOdmVPKQXfu6bEvX5yk403p0hfpg1vc/HPAO9sQAACIR58D/ZmTyYd0HF0a7eXxnr7D8utP6WwZpe8P/GQbAgAA8ehzoFcj5BSPzDXrMJcbTtLxKRe//lPp+wM/2YYAAEAwmhzo2CPODBpVlB7axftf/Pq2cncGdrINAQCAYDQ50L05kAyyl5exTNJxYRd/a/n6JB1nkv2GwFG2IQAAEIwmB4LoPbN4hKmVhrD89CQdH3T6ixtK3BM4xDYEAAAi0eFAHI8gs8PYop3HXp7kXfr4u3RdvlFkvBVwjm0IAABEosOBaOY0soOtvTznJB03LD3om/Txi/TB5UFdvwNwnZ0IAACEob2BmOYo8iEdt6flZ9tpqfBTOjtbHR518etAFnYiAAAQhvYGgnvEk3+lUw1o6mFyWYq8kj477sp3gSxsQwAAIAztDQxkjiUf0vFd0q++SB/Elcb5Vzp7xLlvAXnZiQAAQAx6GxjRnEw+pOOS7vmVZi11nqTj3U58BcjOTgQAAGLQ28DQ5nwySacuS7f7K50dXirHkYIcuhgowTYEAABi0NsAyRxRZpBuxyepRvuqtPMyoCg7EQAACEBjA3C3OQd+SMdf/LwAuIGdCAAABKCxAahgDoH/k86+2fgIuI2dCAAA9E5XA1DTHAL/J5396/0McD87EQAA6J2uBqAJcwj8n3RW/ARtsBMBAICuaWkAWjHHv+nP8vPfzzNARXYiAADQNS0NQFvm+Pe/P86yJ2iEzQgAAPRLPwPQnFXYJHuCFtiJAABAv/QzAC36M3v+e/kHUJGdCAAA9Es/A9AuQTC0wzYEAAD6pZ8BaNqfv9IxUI+dCAAAdEozA9CBJQiepGOgBnsQAADolGYGoA9SYKjOHgQAADqlmQHowxI/zVGwP91QjQ0IAAD0SCcD0IfX7GmOgv0BhwpsPQAAoEc6GYA+rLKnOQdO0imgPDsOAADokU4GoA/fsqc5B/bHHG5iuwEAAD3SyQD0YSN7mnNgf8/hJrYbAADQHW0MQDc2sqc5B/YnHe5grwEAAN3RxgB0Yzt7mnNgf9WhOBsNAADojjYGoCfiJ2iBnQgAAPRFDwPQGfETVGcbAgAAfdHDAHRG/AQtsBMBAICOaGAAOiN7ghbYiQAAQEc0MACdkT1BI2xGAACgF7oXAIAzpMAAAEAvdC8AACcJggEAgC5oXQAATpICAwAAXdC6AACcJAUGAAC6oHUBADhPEAwAALRP3wIAcJ4UGAAAaJ++BQDgPCkwAADQPn0LAMAlgmAAAKBxmhYAgEukwAAAQOM0LQAAB/yZpYOZFBgAAGicpgUA4BgpMAAA0BdNCwDAMVJgAACgL5oWAIBjpMAAAEBfNC0AAIf9+Vc6CwAA0CRNCwAAAABAZFJgAAAAAIDIpMAAAAAAAJFJgQEAAAAAIpMCAwAAAABEJgUGAAAAAIhMCgwAAAAAEJkUGAAAAAAgMikwAAAAAEBkUmAAAAAAgMikwAAAAAAAkUmBAQAAAAAikwIDAAAAAEQmBQYAAAAAiEwKDAAAAAAQmRQYAAAAACAyKTAAAAAAQGRSYAAAAACAyKTAAAAAAACRSYEBAAAAACKTAgMAAAAARCYFBgAAAACITAoMAAAAABCZFBgAAAAAIDIpMAAAAABAZFJgAAAAAIDIpMAAAAAAAJFJgQEAAAAAIpMCAwAAAABEJgUGAAAAAIhMCgwAAAAAEJkUGAAAAAAgMikwAAAAAEBkUmAAAAAAgMikwAAAAAAAkUmBAQAAAAAikwIDAAAAAEQmBQYAAAAAiEwKDAAAAAAQmRQYAAAAACAyKTAAAAAAQGRSYAAAAACAyKTAAAAAAACRSYEBAAAAACKTAgMAAAAARCYFBgAAAACITAoMAAAAABCZFBgAAAAAIDIpMAAAAABAZFJgAAAAAIDIpMAAAAAAAJFJgQEAAAAAIpMCAwAAAABEJgUGAAAAAIhMCgwAAAAAEJkUGAAAAAAgMikwAAAAAEBkUmAAAAAAgMikwAAAAAAAkUmBAQAAAAAikwIDAAAAAEQmBQYAAAAAiEwKDAAAAAAQmRQYAAAAACAyKTAAAAAAQGRSYAAAAACAyKTAAAAAAACRSYEBAAAAACKTAgMAAAAARCYFBgAAAACITAoMAAAAABCZFBgAAAAAIDIpMAAAAABAZFJgAAAAAIDIpMAAAAAAAJFJgQEAAAAAIpMCAwAAAABEJgUGAAAAAIhMCgwAAAAAEJkUGAAAAAAgMikwAAAAAEBkUmAAAAAAgMikwAAAAAAAkUmBAQAAAAAikwIDAAAAAEQmBQYAAAAAiEwKDAAAAAAQmRQYAAAAACAyKTAAAAAAQGRSYAAAAACAyKTAAAAAAACRSYEBAAAAACKTAgMAAAAARCYFBgAAAACITAoMAAAAABCZFBgAAAAAIDIpMAAAAABAZFJgAAAAAIDIpMAAAAAAAJFJgQEAAAAAIpMCAwAAAABEJgUGAAAAAIhMCgwAAAAAEJkUGAAAAAAgMikwAAAAAEBkUmAAAAAAgMikwAAAAAAAkUmBAQAAAAAikwIDAAAAAEQmBQYAAAAAiEwKDAAAAAAQmRQYAAAAACAyKTAAAAAAQGRSYAAAAACAyKTAAAAAAACRSYEBAAAAACKTAgMAAAAARCYFBgAAAACITAoMAAAAABCZFBgAAAAAIDIpMAAAAABAZFJgAAAAAIDIpMAAAAAAAJFJgQEAAAAAIpMCAwAAAABEJgUGAAAAAIhMCgwAAAAAEJkUGAAAAAAgMikwAAAAAEBkUmAAAAAAgMikwAAAAAAAkUmBAQAAAAAikwIDAAAAAEQmBQYAAAAAiEwKDAAAAAAQmRQYAAAAACAyKTAAAAAAQGRSYAAAAACAyKTAAAAAAACRSYEBAAAAACKTAgMAAAAARCYFBgAAAACITAoMAAAAABCZFBgAAAAAIDIpMAAAAABAZFJgAAAAAIDIpMAAAAAAAJFJgQEAAAAAIpMCAwAAAABEJgUGAAAAAIhMCgwAAAAAEJkUGAAAAAAgMikwAAAAAEBkUmAAAAAAgMikwAAAAAAAkUmBAQAAAAAikwIDAAAAAEQmBQYAAAAAiEwKDAAAAAAQmRQYAAAAACAyKTAAAAAAQGRSYAAAAACAyKTAAAAAAACRSYEBAAAAACKTAgMAAAAARCYFBgAAAACITAoMAAAAABCZFBgAAAAAIDIpMAAAAABAZFJgAAAAAIDIpMAAAAAAAJFJgQEAAAAAIpMCAwAAAABEJgUGAAAAAIhMCgwAAAAAEJkUGAAAAAAgMikwAAAAAEBkUmAAAAAAgMikwAAAAAAAkUmBAQAAAAAikwIDAAAAAEQmBQYAAAAAiEwKDAAAAAAQmRQYAAAAACAyKTAAAAAAQGRSYAAAAACAyKTAAAAAAACRSYEBAAAAACKTAgMAAAAARCYFBgAAAACITAoMAAAAABCZFBgAAAAAIDIpMAAAAABAZFJgAAAAAIDIpMAAAAAAAJFJgQEAAAAAIpMCAwAAAABEJgUGAAAAAIhMCgwAAAAAEJkUGAAAAAAgMikwAAAAAEBkUmAAAAAAgMikwAAAAAAAkUmBAQAAAAAikwIDAAAAAEQmBQYAAAAAiEwKDAAAAAAQmRQYAAAAACAyKTAAAAAAQGRSYAAAAACAyKTAAAAAAACRSYEBAAAAACKTAgMAAAAARCYFBgAAAACITAoMAAAAABCZFBgAAAAAIDIpMAAAAABAZFJgAAAAAIDIpMAAAAAAAJFJgQEAAAAAIpMCAwAAAABEJgUGAAAAAIhMCgwAAAAAEJkUGAAAAAAgMikwAAAAAEBkUmAAAAAAgMikwAAAAAAAkUmBAQAAAAAikwIDAAAAAEQmBQYAAAAAiEwKDAAAAAAQmRQYAAAAACAyKTAAAAAAQGRSYAAAAACAyKTAAAAAAACRSYEBAAAAACKTAgMAAAAARCYFBgAAAACI63//+z8xX8I/skMT0gAAAABJRU5ErkJggg==', 'image/png', 'asd', 'ASD', 1, 3);

-- --------------------------------------------------------

--
-- Table structure for table `plataformas`
--

CREATE TABLE `plataformas` (
  `id` int(11) NOT NULL,
  `nombre` varchar(45) NOT NULL
) ENGINE=InnoDB DEFAULT CHARSET=latin1 COLLATE=latin1_swedish_ci;

--
-- Dumping data for table `plataformas`
--

INSERT INTO `plataformas` (`id`, `nombre`) VALUES
(1, 'PC'),
(2, 'Playstation 4'),
(3, 'Playstation 5'),
(4, 'Nintendo Switch'),
(5, 'XBox S');

--
-- Indexes for dumped tables
--

--
-- Indexes for table `generos`
--
ALTER TABLE `generos`
  ADD PRIMARY KEY (`id`);

--
-- Indexes for table `juegos`
--
ALTER TABLE `juegos`
  ADD PRIMARY KEY (`id`),
  ADD KEY `fk_genero_idx` (`id_genero`),
  ADD KEY `fk_plataforma_idx` (`id_plataforma`);

--
-- Indexes for table `plataformas`
--
ALTER TABLE `plataformas`
  ADD PRIMARY KEY (`id`);

--
-- AUTO_INCREMENT for dumped tables
--

--
-- AUTO_INCREMENT for table `generos`
--
ALTER TABLE `generos`
  MODIFY `id` int(11) NOT NULL AUTO_INCREMENT, AUTO_INCREMENT=13;

--
-- AUTO_INCREMENT for table `juegos`
--
ALTER TABLE `juegos`
  MODIFY `id` int(11) NOT NULL AUTO_INCREMENT, AUTO_INCREMENT=25;

--
-- AUTO_INCREMENT for table `plataformas`
--
ALTER TABLE `plataformas`
  MODIFY `id` int(11) NOT NULL AUTO_INCREMENT, AUTO_INCREMENT=6;

--
-- Constraints for dumped tables
--

--
-- Constraints for table `juegos`
--
ALTER TABLE `juegos`
  ADD CONSTRAINT `fk_genero` FOREIGN KEY (`id_genero`) REFERENCES `generos` (`id`) ON DELETE NO ACTION ON UPDATE NO ACTION,
  ADD CONSTRAINT `fk_plataforma` FOREIGN KEY (`id_plataforma`) REFERENCES `plataformas` (`id`) ON DELETE NO ACTION ON UPDATE NO ACTION;
COMMIT;

/*!40101 SET CHARACTER_SET_CLIENT=@OLD_CHARACTER_SET_CLIENT */;
/*!40101 SET CHARACTER_SET_RESULTS=@OLD_CHARACTER_SET_RESULTS */;
/*!40101 SET COLLATION_CONNECTION=@OLD_COLLATION_CONNECTION */;
